ID,Language_ID,Parameter_ID,Value,Code_ID,Comment
num_syst-adze1240,adze1240,num_syst,binary proper,,
num_syst-arib1240,arib1240,num_syst,binary proper,,
num_syst-arib1241,arib1241,num_syst,binary proper,,
num_syst-arop1242,arop1242,num_syst,binary proper,,
num_syst-dawa1242,dawa1242,num_syst,binary proper,,
num_syst-duwe1237,duwe1237,num_syst,binary proper,,
num_syst-malo1245,malo1245,num_syst,binary proper,,
num_syst-mari1429,mari1429,num_syst,binary proper,,
num_syst-midd1327,midd1327,num_syst,binary proper,,
num_syst-muso1238,muso1238,num_syst,binary proper,,
num_syst-nafi1237,nafi1237,num_syst,binary proper,,
num_syst-nort2857,nort2857,num_syst,binary proper,,
num_syst-ronj1237,ronj1237,num_syst,binary proper,,
num_syst-sara1323,sara1323,num_syst,binary proper,,
num_syst-sera1260,sera1260,num_syst,binary proper,,
num_syst-sewa1251,sewa1251,num_syst,binary proper,,
num_syst-siss1243,siss1243,num_syst,binary proper,,
num_syst-sout2877,sout2877,num_syst,binary proper,,
num_syst-suku1264,suku1264,num_syst,binary proper,,
num_syst-tomo1244,tomo1244,num_syst,binary proper,,
num_syst-wamp1247,wamp1247,num_syst,binary proper,,
num_syst-wamp1248,wamp1248,num_syst,binary proper,,
num_syst-anuk1239,anuk1239,num_syst,binary+3,,
num_syst-gapa1238,gapa1238,num_syst,binary+3,,
num_syst-ghay1237,ghay1237,num_syst,binary+3,,
num_syst-kaka1267,kaka1267,num_syst,binary+3,,
num_syst-kuni1263,kuni1263,num_syst,binary+3,,
num_syst-mang1404,mang1404,num_syst,binary+3,,
num_syst-mapo1242,mapo1242,num_syst,binary+3,,
num_syst-masi1265,masi1265,num_syst,binary+3,,
num_syst-mato1252,mato1252,num_syst,binary+3,,
num_syst-matu1261,matu1261,num_syst,binary+3,,
num_syst-pate1247,pate1247,num_syst,binary+3,,
num_syst-piuu1237,piuu1237,num_syst,binary+3,,
num_syst-vehe1237,vehe1237,num_syst,binary+3,,
num_syst-weda1241,weda1241,num_syst,binary+3,,
num_syst-abad1241,abad1241,num_syst,decimal modified,,
num_syst-achi1257,achi1257,num_syst,decimal modified,,
num_syst-amba1265,amba1265,num_syst,decimal modified,,
num_syst-ambo1250,ambo1250,num_syst,decimal modified,,
num_syst-ampa1239,ampa1239,num_syst,decimal modified,,
num_syst-andr1248,andr1248,num_syst,decimal modified,,
num_syst-aohe1237,aohe1237,num_syst,decimal modified,,
num_syst-aral1243,aral1243,num_syst,decimal modified,,
num_syst-atay1247,atay1247,num_syst,decimal modified,,
num_syst-baba1267,baba1267,num_syst,decimal modified,,
num_syst-babu1240,babu1240,num_syst,decimal modified,,
num_syst-baca1243,baca1243,num_syst,decimal modified,,
num_syst-baha1257,baha1257,num_syst,decimal modified,,
num_syst-baku1263,baku1263,num_syst,decimal modified,,
num_syst-bali1278,bali1278,num_syst,decimal modified,,
num_syst-balu1257,balu1257,num_syst,decimal modified,,
num_syst-bamb1270,bamb1270,num_syst,decimal modified,,
num_syst-band1353,band1353,num_syst,decimal modified,,
num_syst-bang1365,bang1365,num_syst,decimal modified,,
num_syst-banj1239,banj1239,num_syst,decimal modified,,
num_syst-bara1367,bara1367,num_syst,decimal modified,,
num_syst-bara1370,bara1370,num_syst,decimal modified,,
num_syst-batu1258,batu1258,num_syst,decimal modified,,
num_syst-baub1235,baub1235,num_syst,decimal modified,,
num_syst-beka1241,beka1241,num_syst,decimal modified,,
num_syst-bela1260,bela1260,num_syst,decimal modified,,
num_syst-beny1237,beny1237,num_syst,decimal modified,,
num_syst-biat1246,biat1246,num_syst,decimal modified,,
num_syst-biha1246,biha1246,num_syst,decimal modified,,
num_syst-bint1246,bint1246,num_syst,decimal modified,,
num_syst-bipi1237,bipi1237,num_syst,decimal modified,,
num_syst-bone1254,bone1254,num_syst,decimal modified,,
num_syst-bowa1234,bowa1234,num_syst,decimal modified,,
num_syst-brun1242,brun1242,num_syst,decimal modified,,
num_syst-budo1241,budo1241,num_syst,decimal modified,,
num_syst-bugi1244,bugi1244,num_syst,decimal modified,,
num_syst-buka1257,buka1257,num_syst,decimal modified,,
num_syst-buka1261,buka1261,num_syst,decimal modified,,
num_syst-buki1248,buki1248,num_syst,decimal modified,,
num_syst-buru1303,buru1303,num_syst,decimal modified,,
num_syst-busa1255,busa1255,num_syst,decimal modified,,
num_syst-cacg1235,cacg1235,num_syst,decimal modified,,
num_syst-camp1262,camp1262,num_syst,decimal modified,,
num_syst-cent2053,cent2053,num_syst,decimal modified,,
num_syst-cent2098,cent2098,num_syst,decimal modified,,
num_syst-cent2101,cent2101,num_syst,decimal modified,,
num_syst-chru1239,chru1239,num_syst,decimal modified,,
num_syst-coas1295,coas1295,num_syst,decimal modified,,
num_syst-coco1260,coco1260,num_syst,decimal modified,,
num_syst-coll1240,coll1240,num_syst,decimal modified,,
num_syst-dobe1238,dobe1238,num_syst,decimal modified,,
num_syst-duan1242,duan1242,num_syst,decimal modified,,
num_syst-duri1242,duri1242,num_syst,decimal modified,,
num_syst-east2465,east2465,num_syst,decimal modified,,
num_syst-east2485,east2485,num_syst,decimal modified,,
num_syst-east2486,east2486,num_syst,decimal modified,,
num_syst-east2563,east2563,num_syst,decimal modified,,
num_syst-emba1238,emba1238,num_syst,decimal modified,,
num_syst-ende1246,ende1246,num_syst,decimal modified,,
num_syst-engg1245,engg1245,num_syst,decimal modified,,
num_syst-enre1239,enre1239,num_syst,decimal modified,,
num_syst-eree1241,eree1241,num_syst,decimal modified,,
num_syst-haji1235,haji1235,num_syst,decimal modified,,
num_syst-haro1237,haro1237,num_syst,decimal modified,,
num_syst-herm1237,herm1237,num_syst,decimal modified,,
num_syst-hovo1239,hovo1239,num_syst,decimal modified,,
num_syst-huku1237,huku1237,num_syst,decimal modified,,
num_syst-hula1239,hula1239,num_syst,decimal modified,,
num_syst-iban1264,iban1264,num_syst,decimal modified,,
num_syst-indo1316,indo1316,num_syst,decimal modified,,
num_syst-jamb1236,jamb1236,num_syst,decimal modified,,
num_syst-jang1257,jang1257,num_syst,decimal modified,,
num_syst-jara1266,jara1266,num_syst,decimal modified,,
num_syst-java1254,java1254,num_syst,decimal modified,,
num_syst-kair1265,kair1265,num_syst,decimal modified,,
num_syst-kaja1250,kaja1250,num_syst,decimal modified,,
num_syst-kalu1247,kalu1247,num_syst,decimal modified,,
num_syst-kani1282,kani1282,num_syst,decimal modified,,
num_syst-kani1283,kani1283,num_syst,decimal modified,,
num_syst-kano1244,kano1244,num_syst,decimal modified,,
num_syst-kare1339,kare1339,num_syst,decimal modified,,
num_syst-kaur1269,kaur1269,num_syst,decimal modified,,
num_syst-kawi1241,kawi1241,num_syst,decimal modified,,
num_syst-kaya1324,kaya1324,num_syst,decimal modified,,
num_syst-keap1239,keap1239,num_syst,decimal modified,,
num_syst-keda1252,keda1252,num_syst,decimal modified,,
num_syst-kele1258,kele1258,num_syst,decimal modified,,
num_syst-kemb1249,kemb1249,num_syst,decimal modified,,
num_syst-kend1254,kend1254,num_syst,decimal modified,,
num_syst-keni1248,keni1248,num_syst,decimal modified,,
num_syst-keoo1238,keoo1238,num_syst,decimal modified,,
num_syst-kere1285,kere1285,num_syst,decimal modified,,
num_syst-keri1250,keri1250,num_syst,decimal modified,,
num_syst-kheh1237,kheh1237,num_syst,decimal modified,,
num_syst-kipu1237,kipu1237,num_syst,decimal modified,,
num_syst-koba1240,koba1240,num_syst,decimal modified,,
num_syst-kodi1247,kodi1247,num_syst,decimal modified,,
num_syst-kohi1250,kohi1250,num_syst,decimal modified,,
num_syst-kola1285,kola1285,num_syst,decimal modified,,
num_syst-komp1237,komp1237,num_syst,decimal modified,,
num_syst-kubu1239,kubu1239,num_syst,decimal modified,,
num_syst-kupa1239,kupa1239,num_syst,decimal modified,,
num_syst-kurt1250,kurt1250,num_syst,decimal modified,,
num_syst-laha1253,laha1253,num_syst,decimal modified,,
num_syst-lala1268,lala1268,num_syst,decimal modified,,
num_syst-lamb1273,lamb1273,num_syst,decimal modified,,
num_syst-lara1260,lara1260,num_syst,decimal modified,,
num_syst-leip1237,leip1237,num_syst,decimal modified,,
num_syst-lela1246,lela1246,num_syst,decimal modified,,
num_syst-lele1270,lele1270,num_syst,decimal modified,,
num_syst-lenk1247,lenk1247,num_syst,decimal modified,,
num_syst-liku1243,liku1243,num_syst,decimal modified,,
num_syst-lioo1240,lioo1240,num_syst,decimal modified,,
num_syst-lise1239,lise1239,num_syst,decimal modified,,
num_syst-lola1248,lola1248,num_syst,decimal modified,,
num_syst-lonc1237,lonc1237,num_syst,decimal modified,,
num_syst-long1406,long1406,num_syst,decimal modified,,
num_syst-loni1238,loni1238,num_syst,decimal modified,,
num_syst-lora1237,lora1237,num_syst,decimal modified,,
num_syst-louu1245,louu1245,num_syst,decimal modified,,
num_syst-lubu1241,lubu1241,num_syst,decimal modified,,
num_syst-main1275,main1275,num_syst,decimal modified,,
num_syst-maka1305,maka1305,num_syst,decimal modified,,
num_syst-maka1311,maka1311,num_syst,decimal modified,,
num_syst-mala1479,mala1479,num_syst,decimal modified,,
num_syst-mala1480,mala1480,num_syst,decimal modified,,
num_syst-mala1481,mala1481,num_syst,decimal modified,,
num_syst-mama1276,mama1276,num_syst,decimal modified,,
num_syst-mand1442,mand1442,num_syst,decimal modified,,
num_syst-mano1275,mano1275,num_syst,decimal modified,,
num_syst-mari1430,mari1430,num_syst,decimal modified,,
num_syst-mars1254,mars1254,num_syst,decimal modified,,
num_syst-mina1268,mina1268,num_syst,decimal modified,,
num_syst-moda1244,moda1244,num_syst,decimal modified,,
num_syst-moke1240,moke1240,num_syst,decimal modified,,
num_syst-moke1242,moke1242,num_syst,decimal modified,,
num_syst-mokl1243,mokl1243,num_syst,decimal modified,,
num_syst-mond1265,mond1265,num_syst,decimal modified,,
num_syst-motu1246,motu1246,num_syst,decimal modified,,
num_syst-mual1241,mual1241,num_syst,decimal modified,,
num_syst-muri1259,muri1259,num_syst,decimal modified,,
num_syst-musi1241,musi1241,num_syst,decimal modified,,
num_syst-nage1237,nage1237,num_syst,decimal modified,,
num_syst-nali1245,nali1245,num_syst,decimal modified,,
num_syst-nalo1235,nalo1235,num_syst,decimal modified,,
num_syst-nang1262,nang1262,num_syst,decimal modified,,
num_syst-naro1251,naro1251,num_syst,decimal modified,,
num_syst-nege1240,nege1240,num_syst,decimal modified,,
num_syst-ngad1261,ngad1261,num_syst,decimal modified,,
num_syst-ngaj1237,ngaj1237,num_syst,decimal modified,,
num_syst-nort2828,nort2828,num_syst,decimal modified,,
num_syst-nort2994,nort2994,num_syst,decimal modified,,
num_syst-nyin1250,nyin1250,num_syst,decimal modified,,
num_syst-onin1245,onin1245,num_syst,decimal modified,,
num_syst-oran1258,oran1258,num_syst,decimal modified,,
num_syst-oran1259,oran1259,num_syst,decimal modified,,
num_syst-pakt1239,pakt1239,num_syst,decimal modified,,
num_syst-pana1303,pana1303,num_syst,decimal modified,,
num_syst-papo1239,papo1239,num_syst,decimal modified,,
num_syst-papu1250,papu1250,num_syst,decimal modified,,
num_syst-patt1249,patt1249,num_syst,decimal modified,,
num_syst-pauw1243,pauw1243,num_syst,decimal modified,,
num_syst-peka1242,peka1242,num_syst,decimal modified,,
num_syst-penc1239,penc1239,num_syst,decimal modified,,
num_syst-pona1250,pona1250,num_syst,decimal modified,,
num_syst-puna1266,puna1266,num_syst,decimal modified,,
num_syst-puna1267,puna1267,num_syst,decimal modified,,
num_syst-puna1275,puna1275,num_syst,decimal modified,,
num_syst-puna1278,puna1278,num_syst,decimal modified,,
num_syst-rade1240,rade1240,num_syst,decimal modified,,
num_syst-rara1235,rara1235,num_syst,decimal modified,,
num_syst-reja1240,reja1240,num_syst,decimal modified,,
num_syst-reja1241,reja1241,num_syst,decimal modified,,
num_syst-ribu1241,ribu1241,num_syst,decimal modified,,
num_syst-rong1269,rong1269,num_syst,decimal modified,,
num_syst-saba1263,saba1263,num_syst,decimal modified,,
num_syst-sais1237,sais1237,num_syst,decimal modified,,
num_syst-sang1339,sang1339,num_syst,decimal modified,,
num_syst-sebe1242,sebe1242,num_syst,decimal modified,,
num_syst-sebo1238,sebo1238,num_syst,decimal modified,,
num_syst-sega1243,sega1243,num_syst,decimal modified,,
num_syst-seka1247,seka1247,num_syst,decimal modified,,
num_syst-seka1248,seka1248,num_syst,decimal modified,,
num_syst-seko1242,seko1242,num_syst,decimal modified,,
num_syst-seko1243,seko1243,num_syst,decimal modified,,
num_syst-sela1260,sela1260,num_syst,decimal modified,,
num_syst-sema1269,sema1269,num_syst,decimal modified,,
num_syst-sian1255,sian1255,num_syst,decimal modified,,
num_syst-sibu1258,sibu1258,num_syst,decimal modified,,
num_syst-sira1267,sira1267,num_syst,decimal modified,,
num_syst-sori1242,sori1242,num_syst,decimal modified,,
num_syst-sout3010,sout3010,num_syst,decimal modified,,
num_syst-sril1245,sril1245,num_syst,decimal modified,,
num_syst-stan1306,stan1306,num_syst,decimal modified,,
num_syst-sula1248,sula1248,num_syst,decimal modified,,
num_syst-sund1252,sund1252,num_syst,decimal modified,,
num_syst-taee1237,taee1237,num_syst,decimal modified,,
num_syst-tali1262,tali1262,num_syst,decimal modified,,
num_syst-tama1335,tama1335,num_syst,decimal modified,,
num_syst-taro1264,taro1264,num_syst,decimal modified,,
num_syst-tean1237,tean1237,num_syst,decimal modified,,
num_syst-teng1267,teng1267,num_syst,decimal modified,,
num_syst-thao1240,thao1240,num_syst,decimal modified,,
num_syst-tita1241,tita1241,num_syst,decimal modified,,
num_syst-tora1261,tora1261,num_syst,decimal modified,,
num_syst-tour1243,tour1243,num_syst,decimal modified,,
num_syst-tsat1238,tsat1238,num_syst,decimal modified,,
num_syst-tulu1259,tulu1259,num_syst,decimal modified,,
num_syst-tunj1244,tunj1244,num_syst,decimal modified,,
num_syst-tuto1241,tuto1241,num_syst,decimal modified,,
num_syst-ujir1237,ujir1237,num_syst,decimal modified,,
num_syst-ukit1237,ukit1237,num_syst,decimal modified,,
num_syst-ulum1237,ulum1237,num_syst,decimal modified,,
num_syst-umal1239,umal1239,num_syst,decimal modified,,
num_syst-urak1238,urak1238,num_syst,decimal modified,,
num_syst-urua1244,urua1244,num_syst,decimal modified,,
num_syst-waer1237,waer1237,num_syst,decimal modified,,
num_syst-waha1238,waha1238,num_syst,decimal modified,,
num_syst-waim1251,waim1251,num_syst,decimal modified,,
num_syst-waim1252,waim1252,num_syst,decimal modified,,
num_syst-weje1237,weje1237,num_syst,decimal modified,,
num_syst-west2538,west2538,num_syst,decimal modified,,
num_syst-west2563,west2563,num_syst,decimal modified,,
num_syst-west2564,west2564,num_syst,decimal modified,,
num_syst-west2650,west2650,num_syst,decimal modified,,
num_syst-wuvu1239,wuvu1239,num_syst,decimal modified,,
num_syst-yape1248,yape1248,num_syst,decimal modified,,
num_syst-yoke1238,yoke1238,num_syst,decimal modified,,
num_syst-abai1240,abai1240,num_syst,decimal proper,,
num_syst-abai1241,abai1241,num_syst,decimal proper,,
num_syst-aben1249,aben1249,num_syst,decimal proper,,
num_syst-adas1235,adas1235,num_syst,decimal proper,,
num_syst-adon1237,adon1237,num_syst,decimal proper,,
num_syst-agta1234,agta1234,num_syst,decimal proper,,
num_syst-agus1235,agus1235,num_syst,decimal proper,,
num_syst-agut1237,agut1237,num_syst,decimal proper,,
num_syst-ahin1234,ahin1234,num_syst,decimal proper,,
num_syst-akla1240,akla1240,num_syst,decimal proper,,
num_syst-alab1246,alab1246,num_syst,decimal proper,,
num_syst-alan1249,alan1249,num_syst,decimal proper,,
num_syst-alba1269,alba1269,num_syst,decimal proper,,
num_syst-alor1247,alor1247,num_syst,decimal proper,,
num_syst-alun1238,alun1238,num_syst,decimal proper,,
num_syst-amah1245,amah1245,num_syst,decimal proper,,
num_syst-amar1273,amar1273,num_syst,decimal proper,,
num_syst-amba1266,amba1266,num_syst,decimal proper,,
num_syst-amba1267,amba1267,num_syst,decimal proper,,
num_syst-ambe1248,ambe1248,num_syst,decimal proper,,
num_syst-amga1235,amga1235,num_syst,decimal proper,,
num_syst-amis1246,amis1246,num_syst,decimal proper,,
num_syst-anak1240,anak1240,num_syst,decimal proper,,
num_syst-andi1257,andi1257,num_syst,decimal proper,,
num_syst-anta1255,anta1255,num_syst,decimal proper,,
num_syst-anut1237,anut1237,num_syst,decimal proper,,
num_syst-aore1237,aore1237,num_syst,decimal proper,,
num_syst-aput1237,aput1237,num_syst,decimal proper,,
num_syst-arak1252,arak1252,num_syst,decimal proper,,
num_syst-area1240,area1240,num_syst,decimal proper,,
num_syst-argu1237,argu1237,num_syst,decimal proper,,
num_syst-aros1241,aros1241,num_syst,decimal proper,,
num_syst-arta1239,arta1239,num_syst,decimal proper,,
num_syst-asil1242,asil1242,num_syst,decimal proper,,
num_syst-asss1237,asss1237,num_syst,decimal proper,,
num_syst-asum1237,asum1237,num_syst,decimal proper,,
num_syst-atam1240,atam1240,num_syst,decimal proper,,
num_syst-atii1237,atii1237,num_syst,decimal proper,,
num_syst-aust1304,aust1304,num_syst,decimal proper,,
num_syst-baba1268,baba1268,num_syst,decimal proper,,
num_syst-bada1261,bada1261,num_syst,decimal proper,,
num_syst-baeg1237,baeg1237,num_syst,decimal proper,,
num_syst-bael1237,bael1237,num_syst,decimal proper,,
num_syst-baho1237,baho1237,num_syst,decimal proper,,
num_syst-baik1238,baik1238,num_syst,decimal proper,,
num_syst-bala1310,bala1310,num_syst,decimal proper,,
num_syst-bala1311,bala1311,num_syst,decimal proper,,
num_syst-bala1314,bala1314,num_syst,decimal proper,,
num_syst-bala1315,bala1315,num_syst,decimal proper,,
num_syst-band1355,band1355,num_syst,decimal proper,,
num_syst-bang1368,bang1368,num_syst,decimal proper,,
num_syst-bant1286,bant1286,num_syst,decimal proper,,
num_syst-bant1288,bant1288,num_syst,decimal proper,,
num_syst-bant1293,bant1293,num_syst,decimal proper,,
num_syst-bara1369,bara1369,num_syst,decimal proper,,
num_syst-bara1371,bara1371,num_syst,decimal proper,,
num_syst-basa1286,basa1286,num_syst,decimal proper,,
num_syst-basa1287,basa1287,num_syst,decimal proper,,
num_syst-bata1288,bata1288,num_syst,decimal proper,,
num_syst-bata1289,bata1289,num_syst,decimal proper,,
num_syst-bata1290,bata1290,num_syst,decimal proper,,
num_syst-bata1291,bata1291,num_syst,decimal proper,,
num_syst-bata1292,bata1292,num_syst,decimal proper,,
num_syst-bata1293,bata1293,num_syst,decimal proper,,
num_syst-bata1294,bata1294,num_syst,decimal proper,,
num_syst-bata1297,bata1297,num_syst,decimal proper,,
num_syst-bata1298,bata1298,num_syst,decimal proper,,
num_syst-bata1301,bata1301,num_syst,decimal proper,,
num_syst-bati1253,bati1253,num_syst,decimal proper,,
num_syst-batu1260,batu1260,num_syst,decimal proper,,
num_syst-baur1252,baur1252,num_syst,decimal proper,,
num_syst-bedo1237,bedo1237,num_syst,decimal proper,,
num_syst-beso1237,beso1237,num_syst,decimal proper,,
num_syst-biak1248,biak1248,num_syst,decimal proper,,
num_syst-biga1238,biga1238,num_syst,decimal proper,,
num_syst-bilb1242,bilb1242,num_syst,decimal proper,,
num_syst-bilu1244,bilu1244,num_syst,decimal proper,,
num_syst-bima1247,bima1247,num_syst,decimal proper,,
num_syst-bino1237,bino1237,num_syst,decimal proper,,
num_syst-bint1245,bint1245,num_syst,decimal proper,,
num_syst-binu1244,binu1244,num_syst,decimal proper,,
num_syst-bira1254,bira1254,num_syst,decimal proper,,
num_syst-blab1237,blab1237,num_syst,decimal proper,,
num_syst-boan1242,boan1242,num_syst,decimal proper,,
num_syst-boan1243,boan1243,num_syst,decimal proper,,
num_syst-bobo1254,bobo1254,num_syst,decimal proper,,
num_syst-bobo1255,bobo1255,num_syst,decimal proper,,
num_syst-bola1252,bola1252,num_syst,decimal proper,,
num_syst-boli1256,boli1256,num_syst,decimal proper,,
num_syst-bolo1268,bolo1268,num_syst,decimal proper,,
num_syst-bong1289,bong1289,num_syst,decimal proper,,
num_syst-book1241,book1241,num_syst,decimal proper,,
num_syst-boto1242,boto1242,num_syst,decimal proper,,
num_syst-broo1239,broo1239,num_syst,decimal proper,,
num_syst-brun1245,brun1245,num_syst,decimal proper,,
num_syst-bugh1239,bugh1239,num_syst,decimal proper,,
num_syst-buhi1245,buhi1245,num_syst,decimal proper,,
num_syst-buki1247,buki1247,num_syst,decimal proper,,
num_syst-buli1255,buli1255,num_syst,decimal proper,,
num_syst-bulu1253,bulu1253,num_syst,decimal proper,,
num_syst-bung1269,bung1269,num_syst,decimal proper,,
num_syst-bunu1267,bunu1267,num_syst,decimal proper,,
num_syst-buol1237,buol1237,num_syst,decimal proper,,
num_syst-buru1304,buru1304,num_syst,decimal proper,,
num_syst-bush1250,bush1250,num_syst,decimal proper,,
num_syst-buso1238,buso1238,num_syst,decimal proper,,
num_syst-butb1235,butb1235,num_syst,decimal proper,,
num_syst-butu1244,butu1244,num_syst,decimal proper,,
num_syst-cala1258,cala1258,num_syst,decimal proper,,
num_syst-calu1238,calu1238,num_syst,decimal proper,,
num_syst-cama1250,cama1250,num_syst,decimal proper,,
num_syst-capi1239,capi1239,num_syst,decimal proper,,
num_syst-cari1276,cari1276,num_syst,decimal proper,,
num_syst-caro1242,caro1242,num_syst,decimal proper,,
num_syst-casi1235,casi1235,num_syst,decimal proper,,
num_syst-cebu1242,cebu1242,num_syst,decimal proper,,
num_syst-cent2072,cent2072,num_syst,decimal proper,,
num_syst-cent2084,cent2084,num_syst,decimal proper,,
num_syst-cent2087,cent2087,num_syst,decimal proper,,
num_syst-cent2089,cent2089,num_syst,decimal proper,,
num_syst-cent2090,cent2090,num_syst,decimal proper,,
num_syst-cent2091,cent2091,num_syst,decimal proper,,
num_syst-cent2092,cent2092,num_syst,decimal proper,,
num_syst-cent2100,cent2100,num_syst,decimal proper,,
num_syst-cent2292,cent2292,num_syst,decimal proper,,
num_syst-cham1312,cham1312,num_syst,decimal proper,,
num_syst-chek1238,chek1238,num_syst,decimal proper,,
num_syst-chuu1238,chuu1238,num_syst,decimal proper,,
num_syst-ciac1237,ciac1237,num_syst,decimal proper,,
num_syst-cina1236,cina1236,num_syst,decimal proper,,
num_syst-cota1241,cota1241,num_syst,decimal proper,,
num_syst-cuyo1237,cuyo1237,num_syst,decimal proper,,
num_syst-daak1235,daak1235,num_syst,decimal proper,,
num_syst-daii1240,daii1240,num_syst,decimal proper,,
num_syst-damp1237,damp1237,num_syst,decimal proper,,
num_syst-dava1245,dava1245,num_syst,decimal proper,,
num_syst-dawe1237,dawe1237,num_syst,decimal proper,,
num_syst-dela1251,dela1251,num_syst,decimal proper,,
num_syst-deng1253,deng1253,num_syst,decimal proper,,
num_syst-dhao1237,dhao1237,num_syst,decimal proper,,
num_syst-diba1242,diba1242,num_syst,decimal proper,,
num_syst-dica1235,dica1235,num_syst,decimal proper,,
num_syst-dond1249,dond1249,num_syst,decimal proper,,
num_syst-dori1246,dori1246,num_syst,decimal proper,,
num_syst-duke1237,duke1237,num_syst,decimal proper,,
num_syst-dump1242,dump1242,num_syst,decimal proper,,
num_syst-dupa1235,dupa1235,num_syst,decimal proper,,
num_syst-dusu1267,dusu1267,num_syst,decimal proper,,
num_syst-dusu1269,dusu1269,num_syst,decimal proper,,
num_syst-dusu1271,dusu1271,num_syst,decimal proper,,
num_syst-east2440,east2440,num_syst,decimal proper,,
num_syst-east2443,east2443,num_syst,decimal proper,,
num_syst-east2447,east2447,num_syst,decimal proper,,
num_syst-east2462,east2462,num_syst,decimal proper,,
num_syst-east2472,east2472,num_syst,decimal proper,,
num_syst-east2482,east2482,num_syst,decimal proper,,
num_syst-east2694,east2694,num_syst,decimal proper,,
num_syst-emae1237,emae1237,num_syst,decimal proper,,
num_syst-empl1237,empl1237,num_syst,decimal proper,,
num_syst-erok1237,erok1237,num_syst,decimal proper,,
num_syst-faga1239,faga1239,num_syst,decimal proper,,
num_syst-fair1238,fair1238,num_syst,decimal proper,,
num_syst-fata1245,fata1245,num_syst,decimal proper,,
num_syst-fiji1243,fiji1243,num_syst,decimal proper,,
num_syst-fili1244,fili1244,num_syst,decimal proper,,
num_syst-fina1242,fina1242,num_syst,decimal proper,,
num_syst-ford1242,ford1242,num_syst,decimal proper,,
num_syst-futu1245,futu1245,num_syst,decimal proper,,
num_syst-gada1258,gada1258,num_syst,decimal proper,,
num_syst-gadd1244,gadd1244,num_syst,decimal proper,,
num_syst-galo1243,galo1243,num_syst,decimal proper,,
num_syst-gana1277,gana1277,num_syst,decimal proper,,
num_syst-gane1237,gane1237,num_syst,decimal proper,,
num_syst-gaoo1237,gaoo1237,num_syst,decimal proper,,
num_syst-gayo1244,gayo1244,num_syst,decimal proper,,
num_syst-gebe1237,gebe1237,num_syst,decimal proper,,
num_syst-gela1263,gela1263,num_syst,decimal proper,,
num_syst-gese1240,gese1240,num_syst,decimal proper,,
num_syst-ghan1242,ghan1242,num_syst,decimal proper,,
num_syst-ghar1239,ghar1239,num_syst,decimal proper,,
num_syst-gian1241,gian1241,num_syst,decimal proper,,
num_syst-gilb1244,gilb1244,num_syst,decimal proper,,
num_syst-gone1237,gone1237,num_syst,decimal proper,,
num_syst-goro1259,goro1259,num_syst,decimal proper,,
num_syst-gula1270,gula1270,num_syst,decimal proper,,
num_syst-habu1241,habu1241,num_syst,decimal proper,,
num_syst-hako1237,hako1237,num_syst,decimal proper,,
num_syst-hali1244,hali1244,num_syst,decimal proper,,
num_syst-hano1246,hano1246,num_syst,decimal proper,,
num_syst-hanu1241,hanu1241,num_syst,decimal proper,,
num_syst-haru1244,haru1244,num_syst,decimal proper,,
num_syst-hawa1245,hawa1245,num_syst,decimal proper,,
num_syst-helo1243,helo1243,num_syst,decimal proper,,
num_syst-higa1237,higa1237,num_syst,decimal proper,,
num_syst-hili1240,hili1240,num_syst,decimal proper,,
num_syst-hitu1239,hitu1239,num_syst,decimal proper,,
num_syst-hoav1238,hoav1238,num_syst,decimal proper,,
num_syst-huau1237,huau1237,num_syst,decimal proper,,
num_syst-hulu1246,hulu1246,num_syst,decimal proper,,
num_syst-ibal1244,ibal1244,num_syst,decimal proper,,
num_syst-iban1267,iban1267,num_syst,decimal proper,,
num_syst-ibat1238,ibat1238,num_syst,decimal proper,,
num_syst-idaa1241,idaa1241,num_syst,decimal proper,,
num_syst-idat1237,idat1237,num_syst,decimal proper,,
num_syst-ilia1236,ilia1236,num_syst,decimal proper,,
num_syst-iliu1237,iliu1237,num_syst,decimal proper,,
num_syst-ilok1237,ilok1237,num_syst,decimal proper,,
num_syst-imro1237,imro1237,num_syst,decimal proper,,
num_syst-inab1237,inab1237,num_syst,decimal proper,,
num_syst-indo1317,indo1317,num_syst,decimal proper,,
num_syst-inla1260,inla1260,num_syst,decimal proper,,
num_syst-inon1237,inon1237,num_syst,decimal proper,,
num_syst-iran1262,iran1262,num_syst,decimal proper,,
num_syst-iray1237,iray1237,num_syst,decimal proper,,
num_syst-irig1242,irig1242,num_syst,decimal proper,,
num_syst-isin1239,isin1239,num_syst,decimal proper,,
num_syst-isna1241,isna1241,num_syst,decimal proper,,
num_syst-itaw1240,itaw1240,num_syst,decimal proper,,
num_syst-ivat1242,ivat1242,num_syst,decimal proper,,
num_syst-iwak1237,iwak1237,num_syst,decimal proper,,
num_syst-kada1286,kada1286,num_syst,decimal proper,,
num_syst-kaga1255,kaga1255,num_syst,decimal proper,,
num_syst-kaga1256,kaga1256,num_syst,decimal proper,,
num_syst-kahu1241,kahu1241,num_syst,decimal proper,,
num_syst-kaib1244,kaib1244,num_syst,decimal proper,,
num_syst-kaid1239,kaid1239,num_syst,decimal proper,,
num_syst-kaim1241,kaim1241,num_syst,decimal proper,,
num_syst-kala1388,kala1388,num_syst,decimal proper,,
num_syst-kala1391,kala1391,num_syst,decimal proper,,
num_syst-kala1394,kala1394,num_syst,decimal proper,,
num_syst-kama1362,kama1362,num_syst,decimal proper,,
num_syst-kama1363,kama1363,num_syst,decimal proper,,
num_syst-kama1364,kama1364,num_syst,decimal proper,,
num_syst-kamb1299,kamb1299,num_syst,decimal proper,,
num_syst-kana1286,kana1286,num_syst,decimal proper,,
num_syst-kand1301,kand1301,num_syst,decimal proper,,
num_syst-kang1289,kang1289,num_syst,decimal proper,,
num_syst-kank1243,kank1243,num_syst,decimal proper,,
num_syst-kapi1249,kapi1249,num_syst,decimal proper,,
num_syst-kara1487,kara1487,num_syst,decimal proper,,
num_syst-kara1489,kara1489,num_syst,decimal proper,,
num_syst-kasi1256,kasi1256,num_syst,decimal proper,,
num_syst-kava1241,kava1241,num_syst,decimal proper,,
num_syst-kawe1240,kawe1240,num_syst,decimal proper,,
num_syst-kaye1241,kaye1241,num_syst,decimal proper,,
num_syst-kazu1245,kazu1245,num_syst,decimal proper,,
num_syst-keii1239,keii1239,num_syst,decimal proper,,
num_syst-kela1258,kela1258,num_syst,decimal proper,,
num_syst-kele1259,kele1259,num_syst,decimal proper,,
num_syst-kema1243,kema1243,num_syst,decimal proper,,
num_syst-keni1249,keni1249,num_syst,decimal proper,,
num_syst-keta1243,keta1243,num_syst,decimal proper,,
num_syst-kima1244,kima1244,num_syst,decimal proper,,
num_syst-kina1250,kina1250,num_syst,decimal proper,,
num_syst-kiok1239,kiok1239,num_syst,decimal proper,,
num_syst-kisa1266,kisa1266,num_syst,decimal proper,,
num_syst-kode1237,kode1237,num_syst,decimal proper,,
num_syst-koko1269,koko1269,num_syst,decimal proper,,
num_syst-koli1253,koli1253,num_syst,decimal proper,,
num_syst-kome1238,kome1238,num_syst,decimal proper,,
num_syst-komo1261,komo1261,num_syst,decimal proper,,
num_syst-kono1269,kono1269,num_syst,decimal proper,,
num_syst-koro1310,koro1310,num_syst,decimal proper,,
num_syst-koro1311,koro1311,num_syst,decimal proper,,
num_syst-kosr1238,kosr1238,num_syst,decimal proper,,
num_syst-kota1275,kota1275,num_syst,decimal proper,,
num_syst-kuij1237,kuij1237,num_syst,decimal proper,,
num_syst-kuli1254,kuli1254,num_syst,decimal proper,,
num_syst-kumb1274,kumb1274,num_syst,decimal proper,,
num_syst-kurr1245,kurr1245,num_syst,decimal proper,,
num_syst-kusa1251,kusa1251,num_syst,decimal proper,,
num_syst-kwai1243,kwai1243,num_syst,decimal proper,,
num_syst-kwar1239,kwar1239,num_syst,decimal proper,,
num_syst-labe1239,labe1239,num_syst,decimal proper,,
num_syst-labu1249,labu1249,num_syst,decimal proper,,
num_syst-lagh1246,lagh1246,num_syst,decimal proper,,
num_syst-laha1251,laha1251,num_syst,decimal proper,,
num_syst-laiy1246,laiy1246,num_syst,decimal proper,,
num_syst-laka1255,laka1255,num_syst,decimal proper,,
num_syst-lama1277,lama1277,num_syst,decimal proper,,
num_syst-lama1278,lama1278,num_syst,decimal proper,,
num_syst-lamp1242,lamp1242,num_syst,decimal proper,,
num_syst-lamp1243,lamp1243,num_syst,decimal proper,,
num_syst-lana1236,lana1236,num_syst,decimal proper,,
num_syst-lapu1236,lapu1236,num_syst,decimal proper,,
num_syst-lari1255,lari1255,num_syst,decimal proper,,
num_syst-lasa1237,lasa1237,num_syst,decimal proper,,
num_syst-lauj1238,lauj1238,num_syst,decimal proper,,
num_syst-lauu1247,lauu1247,num_syst,decimal proper,,
num_syst-lava1239,lava1239,num_syst,decimal proper,,
num_syst-lawa1257,lawa1257,num_syst,decimal proper,,
num_syst-ledo1238,ledo1238,num_syst,decimal proper,,
num_syst-lege1241,lege1241,num_syst,decimal proper,,
num_syst-lemo1243,lemo1243,num_syst,decimal proper,,
num_syst-leng1259,leng1259,num_syst,decimal proper,,
num_syst-leti1246,leti1246,num_syst,decimal proper,,
num_syst-levu1239,levu1239,num_syst,decimal proper,,
num_syst-lewo1244,lewo1244,num_syst,decimal proper,,
num_syst-liab1237,liab1237,num_syst,decimal proper,,
num_syst-lian1255,lian1255,num_syst,decimal proper,,
num_syst-limo1248,limo1248,num_syst,decimal proper,,
num_syst-lind1248,lind1248,num_syst,decimal proper,,
num_syst-lisa1239,lisa1239,num_syst,decimal proper,,
num_syst-lola1250,lola1250,num_syst,decimal proper,,
num_syst-lole1239,lole1239,num_syst,decimal proper,,
num_syst-long1395,long1395,num_syst,decimal proper,,
num_syst-lotu1250,lotu1250,num_syst,decimal proper,,
num_syst-lowe1412,lowe1412,num_syst,decimal proper,,
num_syst-luan1263,luan1263,num_syst,decimal proper,,
num_syst-lubu1243,lubu1243,num_syst,decimal proper,,
num_syst-luhu1243,luhu1243,num_syst,decimal proper,,
num_syst-lund1271,lund1271,num_syst,decimal proper,,
num_syst-lung1249,lung1249,num_syst,decimal proper,,
num_syst-maan1238,maan1238,num_syst,decimal proper,,
num_syst-maba1278,maba1278,num_syst,decimal proper,,
num_syst-maba1279,maba1279,num_syst,decimal proper,,
num_syst-mada1285,mada1285,num_syst,decimal proper,,
num_syst-made1253,made1253,num_syst,decimal proper,,
num_syst-madu1248,madu1248,num_syst,decimal proper,,
num_syst-maee1241,maee1241,num_syst,decimal proper,,
num_syst-maen1235,maen1235,num_syst,decimal proper,,
num_syst-maga1263,maga1263,num_syst,decimal proper,,
num_syst-magi1241,magi1241,num_syst,decimal proper,,
num_syst-magu1243,magu1243,num_syst,decimal proper,,
num_syst-maha1309,maha1309,num_syst,decimal proper,,
num_syst-maku1277,maku1277,num_syst,decimal proper,,
num_syst-mala1484,mala1484,num_syst,decimal proper,,
num_syst-mala1534,mala1534,num_syst,decimal proper,,
num_syst-malo1243,malo1243,num_syst,decimal proper,,
num_syst-malu1245,malu1245,num_syst,decimal proper,,
num_syst-mama1275,mama1275,num_syst,decimal proper,,
num_syst-mamb1305,mamb1305,num_syst,decimal proper,,
num_syst-mamu1255,mamu1255,num_syst,decimal proper,,
num_syst-mang1401,mang1401,num_syst,decimal proper,,
num_syst-mang1405,mang1405,num_syst,decimal proper,,
num_syst-mani1297,mani1297,num_syst,decimal proper,,
num_syst-mans1262,mans1262,num_syst,decimal proper,,
num_syst-manu1258,manu1258,num_syst,decimal proper,,
num_syst-maor1246,maor1246,num_syst,decimal proper,,
num_syst-mapi1250,mapi1250,num_syst,decimal proper,,
num_syst-mapu1244,mapu1244,num_syst,decimal proper,,
num_syst-mara1397,mara1397,num_syst,decimal proper,,
num_syst-mara1404,mara1404,num_syst,decimal proper,,
num_syst-maro1244,maro1244,num_syst,decimal proper,,
num_syst-masa1307,masa1307,num_syst,decimal proper,,
num_syst-masb1237,masb1237,num_syst,decimal proper,,
num_syst-masb1238,masb1238,num_syst,decimal proper,,
num_syst-masi1266,masi1266,num_syst,decimal proper,,
num_syst-masi1268,masi1268,num_syst,decimal proper,,
num_syst-matb1237,matb1237,num_syst,decimal proper,,
num_syst-mati1250,mati1250,num_syst,decimal proper,,
num_syst-maya1282,maya1282,num_syst,decimal proper,,
num_syst-mayo1262,mayo1262,num_syst,decimal proper,,
num_syst-mele1250,mele1250,num_syst,decimal proper,,
num_syst-ment1249,ment1249,num_syst,decimal proper,,
num_syst-meos1237,meos1237,num_syst,decimal proper,,
num_syst-mino1243,mino1243,num_syst,decimal proper,,
num_syst-moki1238,moki1238,num_syst,decimal proper,,
num_syst-molb1237,molb1237,num_syst,decimal proper,,
num_syst-moma1242,moma1242,num_syst,decimal proper,,
num_syst-mong1342,mong1342,num_syst,decimal proper,,
num_syst-mono1273,mono1273,num_syst,decimal proper,,
num_syst-mori1267,mori1267,num_syst,decimal proper,,Included in Barlow (2023) as a dialect of maor1246
num_syst-mori1268,mori1268,num_syst,decimal proper,,
num_syst-mori1269,mori1269,num_syst,decimal proper,,
num_syst-moro1287,moro1287,num_syst,decimal proper,,
num_syst-mort1237,mort1237,num_syst,decimal proper,,
num_syst-moya1235,moya1235,num_syst,decimal proper,,
num_syst-mtir1235,mtir1235,num_syst,decimal proper,,
num_syst-mtir1236,mtir1236,num_syst,decimal proper,,
num_syst-muna1247,muna1247,num_syst,decimal proper,,
num_syst-muss1246,muss1246,num_syst,decimal proper,,
num_syst-naka1262,naka1262,num_syst,decimal proper,,
num_syst-naka1263,naka1263,num_syst,decimal proper,,
num_syst-namo1247,namo1247,num_syst,decimal proper,,
num_syst-namo1248,namo1248,num_syst,decimal proper,,
num_syst-napu1241,napu1241,num_syst,decimal proper,,
num_syst-nasa1239,nasa1239,num_syst,decimal proper,,
num_syst-naur1243,naur1243,num_syst,decimal proper,,
num_syst-neha1247,neha1247,num_syst,decimal proper,,
num_syst-nese1235,nese1235,num_syst,decimal proper,,
num_syst-nias1242,nias1242,num_syst,decimal proper,,
num_syst-nila1244,nila1244,num_syst,decimal proper,,
num_syst-nimo1246,nimo1246,num_syst,decimal proper,,
num_syst-niua1240,niua1240,num_syst,decimal proper,,
num_syst-niue1239,niue1239,num_syst,decimal proper,,
num_syst-noku1237,noku1237,num_syst,decimal proper,,
num_syst-nort2845,nort2845,num_syst,decimal proper,,
num_syst-nort2860,nort2860,num_syst,decimal proper,,
num_syst-nort2864,nort2864,num_syst,decimal proper,,
num_syst-nort2875,nort2875,num_syst,decimal proper,,
num_syst-nort2877,nort2877,num_syst,decimal proper,,
num_syst-nort2883,nort2883,num_syst,decimal proper,,
num_syst-nort2885,nort2885,num_syst,decimal proper,,
num_syst-nort2890,nort2890,num_syst,decimal proper,,
num_syst-nort3262,nort3262,num_syst,decimal proper,,
num_syst-nots1237,nots1237,num_syst,decimal proper,,
num_syst-nucl1460,nucl1460,num_syst,decimal proper,,
num_syst-nuku1258,nuku1258,num_syst,decimal proper,,
num_syst-nuku1259,nuku1259,num_syst,decimal proper,,
num_syst-nuku1260,nuku1260,num_syst,decimal proper,,
num_syst-nusa1245,nusa1245,num_syst,decimal proper,,
num_syst-obom1235,obom1235,num_syst,decimal proper,,
num_syst-okol1241,okol1241,num_syst,decimal proper,,
num_syst-onto1237,onto1237,num_syst,decimal proper,,
num_syst-oroh1237,oroh1237,num_syst,decimal proper,,
num_syst-osin1237,osin1237,num_syst,decimal proper,,
num_syst-otda1235,otda1235,num_syst,decimal proper,,
num_syst-owaa1237,owaa1237,num_syst,decimal proper,,
num_syst-paaf1237,paaf1237,num_syst,decimal proper,,
num_syst-pado1242,pado1242,num_syst,decimal proper,,
num_syst-paiw1248,paiw1248,num_syst,decimal proper,,
num_syst-paku1239,paku1239,num_syst,decimal proper,,
num_syst-pala1344,pala1344,num_syst,decimal proper,,
num_syst-palu1252,palu1252,num_syst,decimal proper,,
num_syst-palu1253,palu1253,num_syst,decimal proper,,
num_syst-pamo1252,pamo1252,num_syst,decimal proper,,
num_syst-pamp1243,pamp1243,num_syst,decimal proper,,
num_syst-pamp1244,pamp1244,num_syst,decimal proper,,
num_syst-panc1247,panc1247,num_syst,decimal proper,,
num_syst-pang1290,pang1290,num_syst,decimal proper,,
num_syst-pang1291,pang1291,num_syst,decimal proper,,
num_syst-papa1268,papa1268,num_syst,decimal proper,,
num_syst-para1306,para1306,num_syst,decimal proper,,
num_syst-pata1260,pata1260,num_syst,decimal proper,,
num_syst-paul1238,paul1238,num_syst,decimal proper,,
num_syst-pend1242,pend1242,num_syst,decimal proper,,
num_syst-penr1237,penr1237,num_syst,decimal proper,,
num_syst-pera1257,pera1257,num_syst,decimal proper,,
num_syst-peta1245,peta1245,num_syst,decimal proper,,
num_syst-piam1242,piam1242,num_syst,decimal proper,,
num_syst-pile1238,pile1238,num_syst,decimal proper,,
num_syst-ping1243,ping1243,num_syst,decimal proper,,
num_syst-plat1254,plat1254,num_syst,decimal proper,,
num_syst-pohn1238,pohn1238,num_syst,decimal proper,,
num_syst-pomm1237,pomm1237,num_syst,decimal proper,,
num_syst-pono1240,pono1240,num_syst,decimal proper,,
num_syst-poro1253,poro1253,num_syst,decimal proper,,
num_syst-pudt1235,pudt1235,num_syst,decimal proper,,
num_syst-puka1242,puka1242,num_syst,decimal proper,,
num_syst-pulu1242,pulu1242,num_syst,decimal proper,,
num_syst-puyu1239,puyu1239,num_syst,decimal proper,,
num_syst-raha1237,raha1237,num_syst,decimal proper,,
num_syst-raja1254,raja1254,num_syst,decimal proper,,
num_syst-raka1237,raka1237,num_syst,decimal proper,,
num_syst-ramo1244,ramo1244,num_syst,decimal proper,,
num_syst-ramp1243,ramp1243,num_syst,decimal proper,,
num_syst-rapa1244,rapa1244,num_syst,decimal proper,,
num_syst-rapa1245,rapa1245,num_syst,decimal proper,,
num_syst-raro1241,raro1241,num_syst,decimal proper,,
num_syst-rata1244,rata1244,num_syst,decimal proper,,
num_syst-rata1245,rata1245,num_syst,decimal proper,,
num_syst-remb1250,remb1250,num_syst,decimal proper,,
num_syst-remo1247,remo1247,num_syst,decimal proper,,
num_syst-renn1242,renn1242,num_syst,decimal proper,,
num_syst-ring1244,ring1244,num_syst,decimal proper,,
num_syst-riri1237,riri1237,num_syst,decimal proper,,
num_syst-riun1237,riun1237,num_syst,decimal proper,,
num_syst-roma1332,roma1332,num_syst,decimal proper,,
num_syst-romb1245,romb1245,num_syst,decimal proper,,
num_syst-rotu1241,rotu1241,num_syst,decimal proper,,
num_syst-rovi1238,rovi1238,num_syst,decimal proper,,
num_syst-ruka1240,ruka1240,num_syst,decimal proper,,
num_syst-rung1259,rung1259,num_syst,decimal proper,,
num_syst-saaa1240,saaa1240,num_syst,decimal proper,,
num_syst-saar1237,saar1237,num_syst,decimal proper,,
num_syst-saba1265,saba1265,num_syst,decimal proper,,
num_syst-saba1267,saba1267,num_syst,decimal proper,,
num_syst-sabu1255,sabu1255,num_syst,decimal proper,,
num_syst-saka1291,saka1291,num_syst,decimal proper,,
num_syst-saki1247,saki1247,num_syst,decimal proper,,
num_syst-sale1244,sale1244,num_syst,decimal proper,,
num_syst-salu1253,salu1253,num_syst,decimal proper,,
num_syst-samo1305,samo1305,num_syst,decimal proper,,
num_syst-sang1336,sang1336,num_syst,decimal proper,,
num_syst-sang1337,sang1337,num_syst,decimal proper,,
num_syst-sapa1251,sapa1251,num_syst,decimal proper,,
num_syst-sapo1253,sapo1253,num_syst,decimal proper,,
num_syst-sara1326,sara1326,num_syst,decimal proper,,
num_syst-sara1327,sara1327,num_syst,decimal proper,,
num_syst-saru1242,saru1242,num_syst,decimal proper,,
num_syst-sasa1249,sasa1249,num_syst,decimal proper,,
num_syst-sata1237,sata1237,num_syst,decimal proper,,
num_syst-sawa1247,sawa1247,num_syst,decimal proper,,
num_syst-seit1239,seit1239,num_syst,decimal proper,,
num_syst-sela1259,sela1259,num_syst,decimal proper,,
num_syst-selu1242,selu1242,num_syst,decimal proper,,
num_syst-selu1243,selu1243,num_syst,decimal proper,,
num_syst-semb1240,semb1240,num_syst,decimal proper,,
num_syst-sepa1242,sepa1242,num_syst,decimal proper,,
num_syst-seri1255,seri1255,num_syst,decimal proper,,
num_syst-seru1245,seru1245,num_syst,decimal proper,,
num_syst-seru1246,seru1246,num_syst,decimal proper,,
num_syst-sian1254,sian1254,num_syst,decimal proper,,
num_syst-siar1238,siar1238,num_syst,decimal proper,,
num_syst-sika1261,sika1261,num_syst,decimal proper,,
num_syst-sika1262,sika1262,num_syst,decimal proper,,
num_syst-siku1242,siku1242,num_syst,decimal proper,,
num_syst-simb1256,simb1256,num_syst,decimal proper,,
num_syst-sime1241,sime1241,num_syst,decimal proper,,
num_syst-sisi1250,sisi1250,num_syst,decimal proper,,
num_syst-solo1257,solo1257,num_syst,decimal proper,,
num_syst-sons1242,sons1242,num_syst,decimal proper,,
num_syst-sout2866,sout2866,num_syst,decimal proper,,
num_syst-sout2883,sout2883,num_syst,decimal proper,,
num_syst-sout2895,sout2895,num_syst,decimal proper,,
num_syst-sout2896,sout2896,num_syst,decimal proper,,
num_syst-sout2905,sout2905,num_syst,decimal proper,,
num_syst-sout2908,sout2908,num_syst,decimal proper,,
num_syst-sout2912,sout2912,num_syst,decimal proper,,
num_syst-sout2916,sout2916,num_syst,decimal proper,,
num_syst-sout2918,sout2918,num_syst,decimal proper,,
num_syst-sout2920,sout2920,num_syst,decimal proper,,
num_syst-sout3241,sout3241,num_syst,decimal proper,,
num_syst-sude1239,sude1239,num_syst,decimal proper,,
num_syst-sugu1243,sugu1243,num_syst,decimal proper,,
num_syst-sulo1237,sulo1237,num_syst,decimal proper,,
num_syst-sumb1241,sumb1241,num_syst,decimal proper,,
num_syst-suri1273,suri1273,num_syst,decimal proper,,
num_syst-surs1246,surs1246,num_syst,decimal proper,,
num_syst-suwa1241,suwa1241,num_syst,decimal proper,,
num_syst-tady1237,tady1237,num_syst,decimal proper,,
num_syst-taga1268,taga1268,num_syst,decimal proper,,
num_syst-taga1270,taga1270,num_syst,decimal proper,,
num_syst-taga1272,taga1272,num_syst,decimal proper,,
num_syst-taga1273,taga1273,num_syst,decimal proper,,
num_syst-tagb1258,tagb1258,num_syst,decimal proper,,
num_syst-tahi1242,tahi1242,num_syst,decimal proper,,
num_syst-taje1237,taje1237,num_syst,decimal proper,,
num_syst-taji1246,taji1246,num_syst,decimal proper,,
num_syst-taku1257,taku1257,num_syst,decimal proper,,
num_syst-tala1285,tala1285,num_syst,decimal proper,,
num_syst-tali1259,tali1259,num_syst,decimal proper,,
num_syst-talo1252,talo1252,num_syst,decimal proper,,
num_syst-tamp1254,tamp1254,num_syst,decimal proper,,
num_syst-tana1281,tana1281,num_syst,decimal proper,,
num_syst-tand1256,tand1256,num_syst,decimal proper,,
num_syst-tane1237,tane1237,num_syst,decimal proper,,
num_syst-tang1348,tang1348,num_syst,decimal proper,,
num_syst-tano1246,tano1246,num_syst,decimal proper,,
num_syst-tasm1246,tasm1246,num_syst,decimal proper,,
num_syst-tata1257,tata1257,num_syst,decimal proper,,
num_syst-taus1251,taus1251,num_syst,decimal proper,,
num_syst-taut1234,taut1234,num_syst,decimal proper,,
num_syst-tawo1243,tawo1243,num_syst,decimal proper,,
num_syst-tbol1240,tbol1240,num_syst,decimal proper,,
num_syst-tela1241,tela1241,num_syst,decimal proper,,
num_syst-telu1263,telu1263,num_syst,decimal proper,,
num_syst-teng1272,teng1272,num_syst,decimal proper,,
num_syst-teni1244,teni1244,num_syst,decimal proper,,
num_syst-teor1240,teor1240,num_syst,decimal proper,,
num_syst-term1237,term1237,num_syst,decimal proper,,
num_syst-tesa1236,tesa1236,num_syst,decimal proper,,
num_syst-tetu1245,tetu1245,num_syst,decimal proper,,
num_syst-tetu1246,tetu1246,num_syst,decimal proper,,
num_syst-teun1241,teun1241,num_syst,decimal proper,,
num_syst-tiii1241,tiii1241,num_syst,decimal proper,,
num_syst-tiko1237,tiko1237,num_syst,decimal proper,,
num_syst-timu1262,timu1262,num_syst,decimal proper,,
num_syst-tina1248,tina1248,num_syst,decimal proper,,
num_syst-tiru1241,tiru1241,num_syst,decimal proper,,
num_syst-toab1237,toab1237,num_syst,decimal proper,,
num_syst-tobi1238,tobi1238,num_syst,decimal proper,,
num_syst-tobi1239,tobi1239,num_syst,decimal proper,,
num_syst-toke1240,toke1240,num_syst,decimal proper,,
num_syst-tola1247,tola1247,num_syst,decimal proper,,
num_syst-toma1248,toma1248,num_syst,decimal proper,,
num_syst-tomb1243,tomb1243,num_syst,decimal proper,,
num_syst-tomb1244,tomb1244,num_syst,decimal proper,,
num_syst-tomi1243,tomi1243,num_syst,decimal proper,,
num_syst-tond1251,tond1251,num_syst,decimal proper,,
num_syst-tong1325,tong1325,num_syst,decimal proper,,
num_syst-tons1239,tons1239,num_syst,decimal proper,,
num_syst-tons1240,tons1240,num_syst,decimal proper,,
num_syst-tont1239,tont1239,num_syst,decimal proper,,
num_syst-topo1243,topo1243,num_syst,decimal proper,,
num_syst-tora1259,tora1259,num_syst,decimal proper,,
num_syst-toto1304,toto1304,num_syst,decimal proper,,
num_syst-trin1273,trin1273,num_syst,decimal proper,,
num_syst-tsou1248,tsou1248,num_syst,decimal proper,,
num_syst-tuam1242,tuam1242,num_syst,decimal proper,,
num_syst-tugu1245,tugu1245,num_syst,decimal proper,,
num_syst-tuka1248,tuka1248,num_syst,decimal proper,,
num_syst-tuka1249,tuka1249,num_syst,decimal proper,,
num_syst-tule1244,tule1244,num_syst,decimal proper,,
num_syst-tutu1241,tutu1241,num_syst,decimal proper,,
num_syst-tuva1244,tuva1244,num_syst,decimal proper,,
num_syst-tuwa1243,tuwa1243,num_syst,decimal proper,,
num_syst-uabm1237,uabm1237,num_syst,decimal proper,,
num_syst-ughe1237,ughe1237,num_syst,decimal proper,,
num_syst-ulit1238,ulit1238,num_syst,decimal proper,,
num_syst-umaa1242,umaa1242,num_syst,decimal proper,,
num_syst-umir1236,umir1236,num_syst,decimal proper,,
num_syst-uppe1427,uppe1427,num_syst,decimal proper,,
num_syst-urip1239,urip1239,num_syst,decimal proper,,
num_syst-urua1242,urua1242,num_syst,decimal proper,,
num_syst-vagh1249,vagh1249,num_syst,decimal proper,,
num_syst-valp1237,valp1237,num_syst,decimal proper,,
num_syst-vang1243,vang1243,num_syst,decimal proper,,
num_syst-vano1237,vano1237,num_syst,decimal proper,,
num_syst-vaoo1237,vaoo1237,num_syst,decimal proper,,
num_syst-vari1239,vari1239,num_syst,decimal proper,,
num_syst-vuna1239,vuna1239,num_syst,decimal proper,,
num_syst-wabo1240,wabo1240,num_syst,decimal proper,,
num_syst-waig1244,waig1244,num_syst,decimal proper,,
num_syst-wala1266,wala1266,num_syst,decimal proper,,
num_syst-wall1257,wall1257,num_syst,decimal proper,,
num_syst-wanu1241,wanu1241,num_syst,decimal proper,,
num_syst-wara1299,wara1299,num_syst,decimal proper,,
num_syst-wara1300,wara1300,num_syst,decimal proper,,
num_syst-waru1266,waru1266,num_syst,decimal proper,,
num_syst-watu1247,watu1247,num_syst,decimal proper,,
num_syst-wawo1239,wawo1239,num_syst,decimal proper,,
num_syst-wela1235,wela1235,num_syst,decimal proper,,
num_syst-west2513,west2513,num_syst,decimal proper,,
num_syst-west2519,west2519,num_syst,decimal proper,,
num_syst-west2548,west2548,num_syst,decimal proper,,
num_syst-west2555,west2555,num_syst,decimal proper,,
num_syst-west2557,west2557,num_syst,decimal proper,,
num_syst-west2559,west2559,num_syst,decimal proper,,
num_syst-west2560,west2560,num_syst,decimal proper,,
num_syst-woii1237,woii1237,num_syst,decimal proper,,
num_syst-wole1240,wole1240,num_syst,decimal proper,,
num_syst-woli1241,woli1241,num_syst,decimal proper,,
num_syst-wotu1240,wotu1240,num_syst,decimal proper,,
num_syst-yaka1277,yaka1277,num_syst,decimal proper,,
num_syst-yala1266,yala1266,num_syst,decimal proper,,
num_syst-yamd1240,yamd1240,num_syst,decimal proper,,
num_syst-yami1254,yami1254,num_syst,decimal proper,,
num_syst-yoga1237,yoga1237,num_syst,decimal proper,,
num_syst-zaba1237,zaba1237,num_syst,decimal proper,,
num_syst-zaza1245,zaza1245,num_syst,decimal proper,,
num_syst-biem1237,biem1237,num_syst,quaternary,,
num_syst-kayu1243,kayu1243,num_syst,quaternary,,
num_syst-ormu1248,ormu1248,num_syst,quaternary,,
num_syst-toba1266,toba1266,num_syst,quaternary,,
num_syst-woge1237,woge1237,num_syst,quaternary,,
num_syst-aigh1235,aigh1235,num_syst,quinary,,
num_syst-aikl1237,aikl1237,num_syst,quinary,,
num_syst-ajie1238,ajie1238,num_syst,quinary,,
num_syst-akei1237,akei1237,num_syst,quinary,,
num_syst-akol1237,akol1237,num_syst,quinary,,
num_syst-amar1272,amar1272,num_syst,quinary,,
num_syst-ambl1237,ambl1237,num_syst,quinary,,
num_syst-anei1239,anei1239,num_syst,quinary,,
num_syst-ansu1237,ansu1237,num_syst,quinary,,
num_syst-anus1237,anus1237,num_syst,quinary,,
num_syst-apal1255,apal1255,num_syst,quinary,,
num_syst-apma1240,apma1240,num_syst,quinary,,
num_syst-aree1239,aree1239,num_syst,quinary,,
num_syst-arha1237,arha1237,num_syst,quinary,,
num_syst-arho1237,arho1237,num_syst,quinary,,
num_syst-arif1239,arif1239,num_syst,quinary,,
num_syst-arop1243,arop1243,num_syst,quinary,,
num_syst-auhe1237,auhe1237,num_syst,quinary,,
num_syst-aulu1238,aulu1238,num_syst,quinary,,
num_syst-avau1237,avau1237,num_syst,quinary,,
num_syst-avok1244,avok1244,num_syst,quinary,,
num_syst-awad1244,awad1244,num_syst,quinary,,
num_syst-axam1237,axam1237,num_syst,quinary,,
num_syst-ayiw1239,ayiw1239,num_syst,quinary,,
num_syst-baet1237,baet1237,num_syst,quinary,,
num_syst-baki1244,baki1244,num_syst,quinary,,
num_syst-bala1316,bala1316,num_syst,quinary,,
num_syst-bann1247,bann1247,num_syst,quinary,,
num_syst-bari1286,bari1286,num_syst,quinary,,
num_syst-baro1253,baro1253,num_syst,quinary,,
num_syst-bebe1252,bebe1252,num_syst,quinary,,
num_syst-bier1244,bier1244,num_syst,quinary,,
num_syst-bier1246,bier1246,num_syst,quinary,,
num_syst-bign1238,bign1238,num_syst,quinary,,
num_syst-bilb1241,bilb1241,num_syst,quinary,,
num_syst-bina1271,bina1271,num_syst,quinary,,
num_syst-bola1250,bola1250,num_syst,quinary,,
num_syst-bong1287,bong1287,num_syst,quinary,,
num_syst-bose1237,bose1237,num_syst,quinary,,
num_syst-buga1250,buga1250,num_syst,quinary,,
num_syst-buhu1237,buhu1237,num_syst,quinary,,
num_syst-buna1276,buna1276,num_syst,quinary,,
num_syst-burm1263,burm1263,num_syst,quinary,,
num_syst-busa1254,busa1254,num_syst,quinary,,
num_syst-butm1237,butm1237,num_syst,quinary,,
num_syst-bwai1242,bwai1242,num_syst,quinary,,
num_syst-bwan1241,bwan1241,num_syst,quinary,,
num_syst-bwat1240,bwat1240,num_syst,quinary,,
num_syst-bwen1239,bwen1239,num_syst,quinary,,
num_syst-caac1237,caac1237,num_syst,quinary,,
num_syst-cemu1238,cemu1238,num_syst,quinary,,
num_syst-cent2058,cent2058,num_syst,quinary,,
num_syst-daka1243,daka1243,num_syst,quinary,,
num_syst-dehu1237,dehu1237,num_syst,quinary,,
num_syst-diod1237,diod1237,num_syst,quinary,,
num_syst-dixo1238,dixo1238,num_syst,quinary,,
num_syst-dobu1241,dobu1241,num_syst,quinary,,
num_syst-duau1237,duau1237,num_syst,quinary,,
num_syst-dumb1241,dumb1241,num_syst,quinary,,
num_syst-dusn1237,dusn1237,num_syst,quinary,,
num_syst-eton1255,eton1255,num_syst,quinary,,
num_syst-fort1240,fort1240,num_syst,quinary,,
num_syst-fwai1237,fwai1237,num_syst,quinary,,
num_syst-gale1257,gale1257,num_syst,quinary,,
num_syst-geda1237,geda1237,num_syst,quinary,,
num_syst-gimi1242,gimi1242,num_syst,quinary,,
num_syst-gitu1237,gitu1237,num_syst,quinary,,
num_syst-gora1262,gora1262,num_syst,quinary,,
num_syst-guma1254,guma1254,num_syst,quinary,,
num_syst-gwed1239,gwed1239,num_syst,quinary,,
num_syst-haek1239,haek1239,num_syst,quinary,,
num_syst-haho1237,haho1237,num_syst,quinary,,
num_syst-haig1237,haig1237,num_syst,quinary,,
num_syst-have1241,have1241,num_syst,quinary,,
num_syst-hiww1237,hiww1237,num_syst,quinary,,
num_syst-hmwa1243,hmwa1243,num_syst,quinary,,
num_syst-hote1245,hote1245,num_syst,quinary,,
num_syst-iaai1238,iaai1238,num_syst,quinary,,
num_syst-iama1237,iama1237,num_syst,quinary,,
num_syst-idun1242,idun1242,num_syst,quinary,,
num_syst-ifoo1237,ifoo1237,num_syst,quinary,,
num_syst-ilon1239,ilon1239,num_syst,quinary,,
num_syst-irar1238,irar1238,num_syst,quinary,,
num_syst-ires1239,ires1239,num_syst,quinary,,
num_syst-iwal1237,iwal1237,num_syst,quinary,,
num_syst-jawe1237,jawe1237,num_syst,quinary,,
num_syst-kaie1237,kaie1237,num_syst,quinary,,
num_syst-kair1263,kair1263,num_syst,quinary,,
num_syst-kani1281,kani1281,num_syst,quinary,,
num_syst-kapi1250,kapi1250,num_syst,quinary,,
num_syst-kapp1237,kapp1237,num_syst,quinary,,
num_syst-kara1486,kara1486,num_syst,quinary,,
num_syst-karn1252,karn1252,num_syst,quinary,,
num_syst-katb1237,katb1237,num_syst,quinary,,
num_syst-kaul1240,kaul1240,num_syst,quinary,,
num_syst-kela1255,kela1255,num_syst,quinary,,
num_syst-kili1267,kili1267,num_syst,quinary,,
num_syst-kiss1246,kiss1246,num_syst,quinary,,
num_syst-kolu1245,kolu1245,num_syst,quinary,,
num_syst-koro1308,koro1308,num_syst,quinary,,
num_syst-kove1237,kove1237,num_syst,quinary,,
num_syst-kowi1239,kowi1239,num_syst,quinary,,
num_syst-kuan1248,kuan1248,num_syst,quinary,,
num_syst-kulo1237,kulo1237,num_syst,quinary,,
num_syst-kuma1276,kuma1276,num_syst,quinary,,
num_syst-kuma1278,kuma1278,num_syst,quinary,,
num_syst-kuri1260,kuri1260,num_syst,quinary,,
num_syst-kuru1305,kuru1305,num_syst,quinary,,
num_syst-kwam1252,kwam1252,num_syst,quinary,,
num_syst-labo1244,labo1244,num_syst,quinary,,
num_syst-labu1248,labu1248,num_syst,quinary,,
num_syst-lako1245,lako1245,num_syst,quinary,,
num_syst-laku1238,laku1238,num_syst,quinary,,
num_syst-lame1260,lame1260,num_syst,quinary,,
num_syst-lamo1244,lamo1244,num_syst,quinary,,
num_syst-lare1249,lare1249,num_syst,quinary,,
num_syst-lawu1237,lawu1237,num_syst,quinary,,
num_syst-leha1243,leha1243,num_syst,quinary,,
num_syst-leha1244,leha1244,num_syst,quinary,,
num_syst-lele1267,lele1267,num_syst,quinary,,
num_syst-leme1238,leme1238,num_syst,quinary,,
num_syst-lena1238,lena1238,num_syst,quinary,,
num_syst-lesi1239,lesi1239,num_syst,quinary,,
num_syst-lete1241,lete1241,num_syst,quinary,,
num_syst-lewo1242,lewo1242,num_syst,quinary,,
num_syst-lihi1237,lihi1237,num_syst,quinary,,
num_syst-liki1241,liki1241,num_syst,quinary,,
num_syst-ling1265,ling1265,num_syst,quinary,,
num_syst-litz1237,litz1237,num_syst,quinary,,
num_syst-lonw1238,lonw1238,num_syst,quinary,,
num_syst-lore1244,lore1244,num_syst,quinary,,
num_syst-lote1237,lote1237,num_syst,quinary,,
num_syst-loto1240,loto1240,num_syst,quinary,,
num_syst-lusi1240,lusi1240,num_syst,quinary,,
num_syst-mafe1237,mafe1237,num_syst,quinary,,
num_syst-mago1248,mago1248,num_syst,quinary,,
num_syst-maia1251,maia1251,num_syst,quinary,,
num_syst-maii1238,maii1238,num_syst,quinary,,
num_syst-mais1250,mais1250,num_syst,quinary,,
num_syst-maiw1249,maiw1249,num_syst,quinary,,
num_syst-mala1487,mala1487,num_syst,quinary,,
num_syst-mala1489,mala1489,num_syst,quinary,,
num_syst-male1289,male1289,num_syst,quinary,,
num_syst-malf1237,malf1237,num_syst,quinary,,
num_syst-mamb1306,mamb1306,num_syst,quinary,,
num_syst-mamu1254,mamu1254,num_syst,quinary,,
num_syst-mana1295,mana1295,num_syst,quinary,,
num_syst-mand1440,mand1440,num_syst,quinary,,
num_syst-mang1403,mang1403,num_syst,quinary,,
num_syst-mara1399,mara1399,num_syst,quinary,,
num_syst-mari1426,mari1426,num_syst,quinary,,
num_syst-mari1428,mari1428,num_syst,quinary,,
num_syst-mask1242,mask1242,num_syst,quinary,,
num_syst-mbul1263,mbul1263,num_syst,quinary,,
num_syst-mede1237,mede1237,num_syst,quinary,,
num_syst-meke1243,meke1243,num_syst,quinary,,
num_syst-meng1267,meng1267,num_syst,quinary,,
num_syst-mera1242,mera1242,num_syst,quinary,,
num_syst-mere1242,mere1242,num_syst,quinary,,
num_syst-merl1237,merl1237,num_syst,quinary,,
num_syst-mina1269,mina1269,num_syst,quinary,,
num_syst-mind1255,mind1255,num_syst,quinary,,
num_syst-mini1251,mini1251,num_syst,quinary,,
num_syst-misi1243,misi1243,num_syst,quinary,,
num_syst-miuu1237,miuu1237,num_syst,quinary,,
num_syst-morm1235,morm1235,num_syst,quinary,,
num_syst-moro1286,moro1286,num_syst,quinary,,
num_syst-mota1237,mota1237,num_syst,quinary,,
num_syst-motl1237,motl1237,num_syst,quinary,,
num_syst-mouk1239,mouk1239,num_syst,quinary,,
num_syst-mpot1241,mpot1241,num_syst,quinary,,
num_syst-mudu1242,mudu1242,num_syst,quinary,,
num_syst-mung1269,mung1269,num_syst,quinary,,
num_syst-murp1234,murp1234,num_syst,quinary,,
num_syst-mutu1242,mutu1242,num_syst,quinary,,
num_syst-muyu1244,muyu1244,num_syst,quinary,,
num_syst-mwat1237,mwat1237,num_syst,quinary,,
num_syst-nali1244,nali1244,num_syst,quinary,,
num_syst-nama1268,nama1268,num_syst,quinary,,
num_syst-nara1263,nara1263,num_syst,quinary,,
num_syst-nasa1240,nasa1240,num_syst,quinary,,
num_syst-nasv1234,nasv1234,num_syst,quinary,,
num_syst-nati1244,nati1244,num_syst,quinary,,
num_syst-natu1246,natu1246,num_syst,quinary,,
num_syst-naue1237,naue1237,num_syst,quinary,,
num_syst-naun1237,naun1237,num_syst,quinary,,
num_syst-navu1237,navu1237,num_syst,quinary,,
num_syst-navw1234,navw1234,num_syst,quinary,,
num_syst-neku1237,neku1237,num_syst,quinary,,
num_syst-nemi1240,nemi1240,num_syst,quinary,,
num_syst-neng1238,neng1238,num_syst,quinary,,
num_syst-nisv1234,nisv1234,num_syst,quinary,,
num_syst-niti1249,niti1249,num_syst,quinary,,
num_syst-nort2836,nort2836,num_syst,quinary,,
num_syst-nort2839,nort2839,num_syst,quinary,,
num_syst-nort2847,nort2847,num_syst,quinary,,
num_syst-numb1247,numb1247,num_syst,quinary,,
num_syst-nume1241,nume1241,num_syst,quinary,,
num_syst-nume1242,nume1242,num_syst,quinary,,
num_syst-nyal1254,nyal1254,num_syst,quinary,,
num_syst-orko1234,orko1234,num_syst,quinary,,
num_syst-orow1242,orow1242,num_syst,quinary,,
num_syst-ouma1237,ouma1237,num_syst,quinary,,
num_syst-oyao1237,oyao1237,num_syst,quinary,,
num_syst-paam1238,paam1238,num_syst,quinary,,
num_syst-paic1239,paic1239,num_syst,quinary,,
num_syst-papa1265,papa1265,num_syst,quinary,,
num_syst-papu1251,papu1251,num_syst,quinary,,
num_syst-patp1243,patp1243,num_syst,quinary,,
num_syst-pije1237,pije1237,num_syst,quinary,,
num_syst-polo1242,polo1242,num_syst,quinary,,
num_syst-port1285,port1285,num_syst,quinary,,
num_syst-port1286,port1286,num_syst,quinary,,
num_syst-pwaa1237,pwaa1237,num_syst,quinary,,
num_syst-pwap1237,pwap1237,num_syst,quinary,,
num_syst-rere1240,rere1240,num_syst,quinary,,
num_syst-roon1237,roon1237,num_syst,quinary,,
num_syst-rori1237,rori1237,num_syst,quinary,,
num_syst-saaa1241,saaa1241,num_syst,quinary,,
num_syst-saka1289,saka1289,num_syst,quinary,,
num_syst-sali1295,sali1295,num_syst,quinary,,
num_syst-seim1238,seim1238,num_syst,quinary,,
num_syst-seke1241,seke1241,num_syst,quinary,,
num_syst-seng1281,seng1281,num_syst,quinary,,
num_syst-sepa1241,sepa1241,num_syst,quinary,,
num_syst-seru1244,seru1244,num_syst,quinary,,
num_syst-shar1244,shar1244,num_syst,quinary,,
num_syst-siee1239,siee1239,num_syst,quinary,,
num_syst-sina1266,sina1266,num_syst,quinary,,
num_syst-sioo1240,sioo1240,num_syst,quinary,,
num_syst-sobe1238,sobe1238,num_syst,quinary,,
num_syst-solo1258,solo1258,num_syst,quinary,,
num_syst-sout2856,sout2856,num_syst,quinary,,
num_syst-sout2857,sout2857,num_syst,quinary,,
num_syst-sout2859,sout2859,num_syst,quinary,,
num_syst-sout2869,sout2869,num_syst,quinary,,
num_syst-sowa1244,sowa1244,num_syst,quinary,,
num_syst-suau1242,suau1242,num_syst,quinary,,
num_syst-taki1248,taki1248,num_syst,quinary,,
num_syst-tamb1253,tamb1253,num_syst,quinary,,
num_syst-tami1290,tami1290,num_syst,quinary,,
num_syst-tand1253,tand1253,num_syst,quinary,,
num_syst-tang1347,tang1347,num_syst,quinary,,
num_syst-tani1255,tani1255,num_syst,quinary,,
num_syst-tarp1240,tarp1240,num_syst,quinary,,
num_syst-taup1242,taup1242,num_syst,quinary,,
num_syst-tawa1275,tawa1275,num_syst,quinary,,
num_syst-teop1238,teop1238,num_syst,quinary,,
num_syst-tial1239,tial1239,num_syst,quinary,,
num_syst-tian1237,tian1237,num_syst,quinary,,
num_syst-tiga1245,tiga1245,num_syst,quinary,,
num_syst-tinp1237,tinp1237,num_syst,quinary,,
num_syst-tiri1258,tiri1258,num_syst,quinary,,
num_syst-tolo1255,tolo1255,num_syst,quinary,,
num_syst-tuku1254,tuku1254,num_syst,quinary,,
num_syst-tuml1238,tuml1238,num_syst,quinary,,
num_syst-tung1290,tung1290,num_syst,quinary,,
num_syst-ubir1237,ubir1237,num_syst,quinary,,
num_syst-ulau1237,ulau1237,num_syst,quinary,,
num_syst-unea1237,unea1237,num_syst,quinary,,
num_syst-unua1237,unua1237,num_syst,quinary,,
num_syst-urav1235,urav1235,num_syst,quinary,,
num_syst-vama1243,vama1243,num_syst,quinary,,
num_syst-vera1241,vera1241,num_syst,quinary,,
num_syst-vinm1237,vinm1237,num_syst,quinary,,
num_syst-vivt1234,vivt1234,num_syst,quinary,,
num_syst-vure1239,vure1239,num_syst,quinary,,
num_syst-waam1236,waam1236,num_syst,quinary,,
num_syst-waem1237,waem1237,num_syst,quinary,,
num_syst-waga1268,waga1268,num_syst,quinary,,
num_syst-wail1242,wail1242,num_syst,quinary,,
num_syst-wakd1237,wakd1237,num_syst,quinary,,
num_syst-wand1267,wand1267,num_syst,quinary,,
num_syst-ware1253,ware1253,num_syst,quinary,,
num_syst-waro1242,waro1242,num_syst,quinary,,
num_syst-west2516,west2516,num_syst,quinary,,
num_syst-weta1242,weta1242,num_syst,quinary,,
num_syst-whit1269,whit1269,num_syst,quinary,,
num_syst-wusi1237,wusi1237,num_syst,quinary,,
num_syst-xara1243,xara1243,num_syst,quinary,,
num_syst-xara1244,xara1244,num_syst,quinary,,
num_syst-yabe1254,yabe1254,num_syst,quinary,,
num_syst-yama1260,yama1260,num_syst,quinary,,
num_syst-yamn1237,yamn1237,num_syst,quinary,,
num_syst-yaur1239,yaur1239,num_syst,quinary,,
num_syst-yere1243,yere1243,num_syst,quinary,,
num_syst-yoba1237,yoba1237,num_syst,quinary,,
num_syst-yuag1237,yuag1237,num_syst,quinary,,
num_syst-zena1237,zena1237,num_syst,quinary,,
num_syst-zire1240,zire1240,num_syst,quinary,,
num_syst-ataa1240,ataa1240,num_syst,unknown,,
num_syst-bali1279,bali1279,num_syst,unknown,,
num_syst-bali1287,bali1287,num_syst,unknown,,Not included in Barlow (2023)
num_syst-bana1288,bana1288,num_syst,unknown,,
num_syst-bata1295,bata1295,num_syst,unknown,,
num_syst-bayb1234,bayb1234,num_syst,unknown,,
num_syst-beng1287,beng1287,num_syst,unknown,,
num_syst-bent1237,bent1237,num_syst,unknown,,
num_syst-bera1262,bera1262,num_syst,unknown,,
num_syst-beta1252,beta1252,num_syst,unknown,,
num_syst-budi1249,budi1249,num_syst,unknown,,
num_syst-dakk1238,dakk1238,num_syst,unknown,,
num_syst-dalk1234,dalk1234,num_syst,unknown,,Not included in Barlow (2023)
num_syst-damb1246,damb1246,num_syst,unknown,,
num_syst-daro1239,daro1239,num_syst,unknown,,
num_syst-doga1238,doga1238,num_syst,unknown,,
num_syst-eluu1241,eluu1241,num_syst,unknown,,
num_syst-gora1261,gora1261,num_syst,unknown,,
num_syst-gura1254,gura1254,num_syst,unknown,,
num_syst-high1275,high1275,num_syst,unknown,,
num_syst-hoti1237,hoti1237,num_syst,unknown,,
num_syst-ilea1237,ilea1237,num_syst,unknown,,
num_syst-isar1235,isar1235,num_syst,unknown,,
num_syst-jaku1244,jaku1244,num_syst,unknown,,
num_syst-kapt1235,kapt1235,num_syst,unknown,,
num_syst-karo1298,karo1298,num_syst,unknown,,
num_syst-karo1299,karo1299,num_syst,unknown,,
num_syst-kaya1325,kaya1325,num_syst,unknown,,
num_syst-keda1251,keda1251,num_syst,unknown,,
num_syst-kepo1237,kepo1237,num_syst,unknown,,
num_syst-kina1252,kina1252,num_syst,unknown,,
num_syst-klia1235,klia1235,num_syst,unknown,,
num_syst-kota1279,kota1279,num_syst,unknown,,
num_syst-kulo1238,kulo1238,num_syst,unknown,,
num_syst-lama1279,lama1279,num_syst,unknown,,
num_syst-latu1237,latu1237,num_syst,unknown,,
num_syst-laua1243,laua1243,num_syst,unknown,,
num_syst-leng1260,leng1260,num_syst,unknown,,
num_syst-lewo1243,lewo1243,num_syst,unknown,,
num_syst-loma1261,loma1261,num_syst,unknown,,
num_syst-loun1239,loun1239,num_syst,unknown,,
num_syst-maga1264,maga1264,num_syst,unknown,,
num_syst-maiw1250,maiw1250,num_syst,unknown,,
num_syst-mala1482,mala1482,num_syst,unknown,,
num_syst-mali1283,mali1283,num_syst,unknown,,
num_syst-mend1267,mend1267,num_syst,unknown,,
num_syst-ment1251,ment1251,num_syst,unknown,,
num_syst-moli1248,moli1248,num_syst,unknown,,
num_syst-namu1249,namu1249,num_syst,unknown,,
num_syst-newc1244,newc1244,num_syst,unknown,,
num_syst-ngga1239,ngga1239,num_syst,unknown,,Not included in Barlow (2023)
num_syst-ngul1236,ngul1236,num_syst,unknown,,
num_syst-niua1241,niua1241,num_syst,unknown,,
num_syst-nort2867,nort2867,num_syst,unknown,,
num_syst-oldm1243,oldm1243,num_syst,unknown,,
num_syst-pann1239,pann1239,num_syst,unknown,,
num_syst-pera1256,pera1256,num_syst,unknown,,
num_syst-pode1237,pode1237,num_syst,unknown,,
num_syst-poll1238,poll1238,num_syst,unknown,,
num_syst-puka1244,puka1244,num_syst,unknown,,
num_syst-puna1268,puna1268,num_syst,unknown,,
num_syst-rajo1237,rajo1237,num_syst,unknown,,
num_syst-remu1237,remu1237,num_syst,unknown,,
num_syst-saja1241,saja1241,num_syst,unknown,,
num_syst-sala1269,sala1269,num_syst,unknown,,
num_syst-sang1334,sang1334,num_syst,unknown,,
num_syst-sara1329,sara1329,num_syst,unknown,,
num_syst-sedo1237,sedo1237,num_syst,unknown,,
num_syst-talo1251,talo1251,num_syst,unknown,,
num_syst-tand1258,tand1258,num_syst,unknown,,
num_syst-temu1239,temu1239,num_syst,unknown,,
num_syst-tere1276,tere1276,num_syst,unknown,,
num_syst-tomb1245,tomb1245,num_syst,unknown,,
num_syst-trin1271,trin1271,num_syst,unknown,,
num_syst-tsim1257,tsim1257,num_syst,unknown,,
num_syst-umal1238,umal1238,num_syst,unknown,,
num_syst-unde1235,unde1235,num_syst,unknown,,
num_syst-unub1234,unub1234,num_syst,unknown,,
num_syst-wabb1237,wabb1237,num_syst,unknown,,
num_syst-wauy1237,wauy1237,num_syst,unknown,,
num_syst-west2535,west2535,num_syst,unknown,,
num_syst-west2541,west2541,num_syst,unknown,,
num_syst-yaka1275,yaka1275,num_syst,unknown,,
